{
    "html.format.templating": true,
    "php.validate.executablePath": "C:\\wamp64\\bin\\php\\php7.3.21\\php.exe",
    "editor.minimap.enabled": false,
    "files.autoSave": "onFocusChange",
    "vim.easymotion": true,
    "vim.incsearch": true,
    "vim.useSystemClipboard": true,
    "vim.useCtrlKeys": true,
    "vim.hlsearch": true,
    "vim.sneak": true,
    "vim.easymotionMarkerooundColor": "#020202",
    "vim.normalModeKeyBindings": [
      {
        "before": ["<leader>", "d"],
        "after": ["d", "d"]
      },
      {
        "before": ["<tab>"],
        "commands": ["workbench.action.nextEditor"]
      },
      {
        "before": ["<S-tab>"],
        "commands": ["workbench.action.previousEditor"]
      },
    ],
    "vim.insertModeKeyBindings": [
      {
        "before": ["j", "j"],
        "after": ["<Esc>"]
      },
      {
        "before": ["<C-j>"],
        "after": ["<Esc>"]
      },
      {
        "before": ["<C-k>"],
        "after": ["<Esc>"]
      }
    ],
    "vim.visualModeKeyBindings": [
      {
        "before": [">"],
        "after": [">", "g", "v"]
      },
      {
        "before": ["<"],
        "after": ["<", "g", "v"]
      },
    ],
    "vim.normalModeKeyBindingsNonRecursive": [
      {
        "before": ["<leader>", "d"],
        "after": ["d", "d"]
      },
      {
        "before": ["<C-n>"],
        "commands": [":nohl"]
      },
      {
        "before": ["<leader>", "w"],
        "commands": ["workbench.action.splitEditor"]
      },
      {
        "before": ["<leader>", "q"],
        "commands": ["workbench.action.closeActiveEditor"]
      },
      {
        "before": ["<leader>", "n"],
        "commands": ["workbench.action.files.newUntitledFile"]
      },
      {
        "before": ["<leader>", "s"],
        "commands": ["workbench.action.files.save"]
      },     
      {
        "before": ["<leader>", "e"],
        "commands": ["workbench.action.toggleSidebarVisibility"]
      },
      {
        "before": ["<leader>", "f"],
        "commands": ["revealInExplorer"]
      },
      {
        "before": ["<leader>", "h"],
        "after": ["_"]
      },
      {
        "before": ["<leader>", "l"],
        "after": ["$"]
      }
    ],
    "vim.leader": "<space>",
  
    "vim.handleKeys": {
      "<C-a>": false,
      "<C-f>": false,
      // VS Code new marker @ next occurence
      "<C-d>": false,
      // Copy
      "<C-c>": false,
      // Cut
      "<C-x>": false,
      // Paste
      "<C-v>": false,
      "<C-z>": false,
      "<C-y>": false
  
    },
    "editor.fontSize": 16,
    "workbench.startupEditor": "none",
    "liveServer.settings.donotShowInfoMsg": true,
    "liveServer.settings.host": "127.0.0.7",
    "files.associations": {
      "*.html": "html"
    },
    "editor.bracketPairColorization.independentColorPoolPerBracketType": true,
    "xml.java.home": "",
    "editor.inlineSuggest.enabled": true,
    "github.copilot.enable": {
      "*": true,
      "yaml": false,
      "plaintext": true,
      "markdown": true
    },
    "liveServer.settings.donotVerifyTags": true,
    "[python]": {
      "editor.formatOnType": true
    },
    "window.zoomLevel": 1,
    "errorLens.excludeBySource": [
      "eslint(@typescript-eslint/space-before-function-paren)"
    ],
    "[typescriptreact]": {
      "editor.defaultFormatter": "esbenp.prettier-vscode"
    },
    "editor.formatOnSave": true,
    // "java.home": "C:\\Program Files\\Java\\jdk1.8.0_333",
  
  }